tax_id	scientific_name	sample_alias	sample_title	sample_description	metagenomic source	project name	collection date	geographic location (country and/or sea)
1326787	fermentation metagenome	TG_AP_T1_WL_0AE_S350	Kefir metagenomic reads	T0- Water kefir liquid	Kefir metagenome	PRJEB77409	not provided	Ireland
1326787	fermentation metagenome	TG_AP_T1_WL_0AN_S351	Kefir metagenomic reads	T0- Water kefir liquid	Kefir metagenome	PRJEB77409	not provided	Ireland
1326787	fermentation metagenome	TG_AP_T2_WG_0AN_S181	Kefir metagenomic reads	T0- Water kefir grain	Kefir metagenome	PRJEB77409	not provided	Ireland
1326787	fermentation metagenome	TG_AP_T2_WG_0AN_S340	Kefir metagenomic reads	T0- Water kefir grain	Kefir metagenome	PRJEB77409	not provided	Ireland
1326787	fermentation metagenome	TG_AP_T2_WL_0AE_S303	Kefir metagenomic reads	T0- Water kefir liquid	Kefir metagenome	PRJEB77409	not provided	Ireland
1326787	fermentation metagenome	TG_AP_T2_WL_0AN_S304	Kefir metagenomic reads	T0- Water kefir liquid	Kefir metagenome	PRJEB77409	not provided	Ireland
1326787	fermentation metagenome	TG_AP_WLC_S420	Kefir metagenomic reads	T0- Liquid control	Kefir metagenome	PRJEB77409	not provided	Ireland
1326787	fermentation metagenome	TG_BR_T1_WL_0AE_S362	Kefir metagenomic reads	T0- Water kefir liquid	Kefir metagenome	PRJEB77409	not provided	Ireland
1326787	fermentation metagenome	TG_BR_T1_WL_0AN_S363	Kefir metagenomic reads	T0- Water kefir liquid	Kefir metagenome	PRJEB77409	not provided	Ireland
1326787	fermentation metagenome	TG_BR_T2_WL_0AE_S315	Kefir metagenomic reads	T0- Water kefir liquid	Kefir metagenome	PRJEB77409	not provided	Ireland
1326787	fermentation metagenome	TG_BR_T2_WL_0AN_S316	Kefir metagenomic reads	T0- Water kefir liquid	Kefir metagenome	PRJEB77409	not provided	Ireland
1326787	fermentation metagenome	TG_BR_WLC_S386	Kefir metagenomic reads	T0- Liquid control	Kefir metagenome	PRJEB77409	not provided	Ireland
1326787	fermentation metagenome	TG_EC_S72	Kefir metagenomic reads	T0- Extraction control	Kefir metagenome	PRJEB77409	not provided	Ireland
1326787	fermentation metagenome	TG_FG_T1_WL_0AE_S326	Kefir metagenomic reads	T0- Water kefir liquid	Kefir metagenome	PRJEB77409	not provided	Ireland
1326787	fermentation metagenome	TG_FG_T1_WL_0AN_S327	Kefir metagenomic reads	T0- Water kefir liquid	Kefir metagenome	PRJEB77409	not provided	Ireland
1326787	fermentation metagenome	TG_FG_T2_WL_0AE_S374	Kefir metagenomic reads	T0- Water kefir liquid	Kefir metagenome	PRJEB77409	not provided	Ireland
1326787	fermentation metagenome	TG_FG_T2_WL_0AN_S375	Kefir metagenomic reads	T0- Water kefir liquid	Kefir metagenome	PRJEB77409	not provided	Ireland
1326787	fermentation metagenome	TG_FG_WLC_S410	Kefir metagenomic reads	T0- Liquid control	Kefir metagenome	PRJEB77409	not provided	Ireland
1326787	fermentation metagenome	TG_FL_T1_WL_0AE_S338	Kefir metagenomic reads	T0- Water kefir liquid	Kefir metagenome	PRJEB77409	not provided	Ireland
1326787	fermentation metagenome	TG_FL_T1_WL_0AN_S339	Kefir metagenomic reads	T0- Water kefir liquid	Kefir metagenome	PRJEB77409	not provided	Ireland
1326787	fermentation metagenome	TG_FL_T2_WG_0AN_S180	Kefir metagenomic reads	T0- Water kefir grain	Kefir metagenome	PRJEB77409	not provided	Ireland
1326787	fermentation metagenome	TG_FL_T2_WG_0AN_S328	Kefir metagenomic reads	T0- Water kefir grain	Kefir metagenome	PRJEB77409	not provided	Ireland
1326787	fermentation metagenome	TG_FL_T2_WL_0AE_S291	Kefir metagenomic reads	T0- Water kefir liquid	Kefir metagenome	PRJEB77409	not provided	Ireland
1326787	fermentation metagenome	TG_FL_T2_WL_0AN_S292	Kefir metagenomic reads	T0- Water kefir liquid	Kefir metagenome	PRJEB77409	not provided	Ireland
1326787	fermentation metagenome	TG_FL_T3_WG_0AN_S179	Kefir metagenomic reads	T0- Water kefir grain	Kefir metagenome	PRJEB77409	not provided	Ireland
1326787	fermentation metagenome	TG_FL_WLC_S415	Kefir metagenomic reads	T0- Liquid control	Kefir metagenome	PRJEB77409	not provided	Ireland
1326787	fermentation metagenome	TG_FU_MLC_S107	Kefir metagenomic reads	T0- Liquid control	Kefir metagenome	PRJEB77409	not provided	Ireland
1326787	fermentation metagenome	TG_FU_MLC2_S155	Kefir metagenomic reads	T0- Liquid control	Kefir metagenome	PRJEB77409	not provided	Ireland
1326787	fermentation metagenome	TG_FU_T1_ML_0AE_S384	Kefir metagenomic reads	T0- Milk kefir liquid	Kefir metagenome	PRJEB77409	not provided	Ireland
1326787	fermentation metagenome	TG_FU_T1_ML_0AN_S37	Kefir metagenomic reads	T0- Milk kefir liquid	Kefir metagenome	PRJEB77409	not provided	Ireland
1326787	fermentation metagenome	TG_FU_T2_ML_0AE_S301	Kefir metagenomic reads	T0- Milk kefir liquid	Kefir metagenome	PRJEB77409	not provided	Ireland
1326787	fermentation metagenome	TG_FU_T3_MG_0AN_S178	Kefir metagenomic reads	T0- Milk kefir grain	Kefir metagenome	PRJEB77409	not provided	Ireland
1326787	fermentation metagenome	TG_GO_MLC_S190	Kefir metagenomic reads	T0- Liquid control	Kefir metagenome	PRJEB77409	not provided	Ireland
1326787	fermentation metagenome	TG_GO_MLC2_S143	Kefir metagenomic reads	T0- Liquid control	Kefir metagenome	PRJEB77409	not provided	Ireland
1326787	fermentation metagenome	TG_GO_T1_ML_0AE_S372	Kefir metagenomic reads	T0- Milk kefir liquid	Kefir metagenome	PRJEB77409	not provided	Ireland
1326787	fermentation metagenome	TG_GO_T1_ML_0AN_S25	Kefir metagenomic reads	T0- Milk kefir liquid	Kefir metagenome	PRJEB77409	not provided	Ireland
1326787	fermentation metagenome	TG_GO_T2_ML_0AE_S289	Kefir metagenomic reads	T0- Milk kefir liquid	Kefir metagenome	PRJEB77409	not provided	Ireland
1326787	fermentation metagenome	TG_GO_T2_ML_0AN_S85	Kefir metagenomic reads	T0- Milk kefir liquid	Kefir metagenome	PRJEB77409	not provided	Ireland
1326787	fermentation metagenome	TG_ID009_MG_T1_S325	Kefir metagenomic reads	wk01- Milk kefir grain	Kefir metagenome	PRJEB77409	not provided	Ireland
1326787	fermentation metagenome	TG_ID009_MG_T2_S382	Kefir metagenomic reads	wk05- Milk kefir grain	Kefir metagenome	PRJEB77409	not provided	Ireland
1326787	fermentation metagenome	TG_ID009_MG_T3_S152	Kefir metagenomic reads	wk09- Milk kefir grain	Kefir metagenome	PRJEB77409	not provided	Ireland
1326787	fermentation metagenome	TG_ID009_MG_T4_S54	Kefir metagenomic reads	wk13- Milk kefir grain	Kefir metagenome	PRJEB77409	not provided	Ireland
1326787	fermentation metagenome	TG_ID009_MG_T6_S16	Kefir metagenomic reads	wk21- Milk kefir grain	Kefir metagenome	PRJEB77409	not provided	Ireland
1326787	fermentation metagenome	TG_ID009_ML_T1_S139	Kefir metagenomic reads	wk01- Milk kefir liquid	Kefir metagenome	PRJEB77409	not provided	Ireland
1326787	fermentation metagenome	TG_ID009_ML_T2_S296	Kefir metagenomic reads	wk05- Milk kefir liquid	Kefir metagenome	PRJEB77409	not provided	Ireland
1326787	fermentation metagenome	TG_ID009_ML_T4_S55	Kefir metagenomic reads	wk13- Milk kefir liquid	Kefir metagenome	PRJEB77409	not provided	Ireland
1326787	fermentation metagenome	TG_ID009_ML_T6_S28	Kefir metagenomic reads	wk21- Milk kefir liquid	Kefir metagenome	PRJEB77409	not provided	Ireland
1326787	fermentation metagenome	TG_ID010_MG_T1_S337	Kefir metagenomic reads	wk01- Milk kefir grain	Kefir metagenome	PRJEB77409	not provided	Ireland
1326787	fermentation metagenome	TG_ID010_MG_T2_S299	Kefir metagenomic reads	wk05- Milk kefir grain	Kefir metagenome	PRJEB77409	not provided	Ireland
1326787	fermentation metagenome	TG_ID010_MG_T3_S164	Kefir metagenomic reads	wk09- Milk kefir grain	Kefir metagenome	PRJEB77409	not provided	Ireland
1326787	fermentation metagenome	TG_ID010_MG_T4_S61	Kefir metagenomic reads	wk13- Milk kefir grain	Kefir metagenome	PRJEB77409	not provided	Ireland
1326787	fermentation metagenome	TG_ID010_MG_T5_S176	Kefir metagenomic reads	wk17- Milk kefir grain	Kefir metagenome	PRJEB77409	not provided	Ireland
1326787	fermentation metagenome	TG_ID010_ML_T1_S379	Kefir metagenomic reads	wk01- Milk kefir liquid	Kefir metagenome	PRJEB77409	not provided	Ireland
1326787	fermentation metagenome	TG_ID010_ML_T3_S108	Kefir metagenomic reads	wk09- Milk kefir liquid	Kefir metagenome	PRJEB77409	not provided	Ireland
1326787	fermentation metagenome	TG_ID010_ML_T4_S80	Kefir metagenomic reads	wk13- Milk kefir liquid	Kefir metagenome	PRJEB77409	not provided	Ireland
1326787	fermentation metagenome	TG_ID010_ML_T5_S120	Kefir metagenomic reads	wk17- Milk kefir liquid	Kefir metagenome	PRJEB77409	not provided	Ireland
1326787	fermentation metagenome	TG_ID011_MG_T1_S349	Kefir metagenomic reads	wk01- Milk kefir grain	Kefir metagenome	PRJEB77409	not provided	Ireland
1326787	fermentation metagenome	TG_ID011_MG_T3_S101	Kefir metagenomic reads	wk09- Milk kefir grain	Kefir metagenome	PRJEB77409	not provided	Ireland
1326787	fermentation metagenome	TG_ID011_MG_T5_S110	Kefir metagenomic reads	wk17- Milk kefir grain	Kefir metagenome	PRJEB77409	not provided	Ireland
1326787	fermentation metagenome	TG_ID011_MG_T6_S40	Kefir metagenomic reads	wk21- Milk kefir grain	Kefir metagenome	PRJEB77409	not provided	Ireland
1326787	fermentation metagenome	TG_ID011_ML_T3_S113	Kefir metagenomic reads	wk09- Milk kefir liquid	Kefir metagenome	PRJEB77409	not provided	Ireland
1326787	fermentation metagenome	TG_ID011_ML_T5_S122	Kefir metagenomic reads	wk17- Milk kefir liquid	Kefir metagenome	PRJEB77409	not provided	Ireland
1326787	fermentation metagenome	TG_ID011_ML_T6_S52	Kefir metagenomic reads	wk21- Milk kefir liquid	Kefir metagenome	PRJEB77409	not provided	Ireland
1326787	fermentation metagenome	TG_ID012_MG_T1_S361	Kefir metagenomic reads	wk01- Milk kefir grain	Kefir metagenome	PRJEB77409	not provided	Ireland
1326787	fermentation metagenome	TG_ID012_MG_T2_S311	Kefir metagenomic reads	wk05- Milk kefir grain	Kefir metagenome	PRJEB77409	not provided	Ireland
1326787	fermentation metagenome	TG_ID012_MG_T3_S189	Kefir metagenomic reads	wk09- Milk kefir grain	Kefir metagenome	PRJEB77409	not provided	Ireland
1326787	fermentation metagenome	TG_ID012_MG_T4_S74	Kefir metagenomic reads	wk13- Milk kefir grain	Kefir metagenome	PRJEB77409	not provided	Ireland
1326787	fermentation metagenome	TG_ID012_MG_T5_S125	Kefir metagenomic reads	wk17- Milk kefir grain	Kefir metagenome	PRJEB77409	not provided	Ireland
1326787	fermentation metagenome	TG_ID012_ML_T1_S367	Kefir metagenomic reads	wk01- Milk kefir liquid	Kefir metagenome	PRJEB77409	not provided	Ireland
1326787	fermentation metagenome	TG_ID012_ML_T2_S308	Kefir metagenomic reads	wk05- Milk kefir liquid	Kefir metagenome	PRJEB77409	not provided	Ireland
1326787	fermentation metagenome	TG_ID012_ML_T4_S140	Kefir metagenomic reads	wk13- Milk kefir liquid	Kefir metagenome	PRJEB77409	not provided	Ireland
1326787	fermentation metagenome	TG_ID012_ML_T5_S141	Kefir metagenomic reads	wk17- Milk kefir liquid	Kefir metagenome	PRJEB77409	not provided	Ireland
1326787	fermentation metagenome	TG_ID013_MG_T1_S373	Kefir metagenomic reads	wk01- Milk kefir grain	Kefir metagenome	PRJEB77409	not provided	Ireland
1326787	fermentation metagenome	TG_ID013_ML_T1_S150	Kefir metagenomic reads	wk01- Milk kefir liquid	Kefir metagenome	PRJEB77409	not provided	Ireland
1326787	fermentation metagenome	TG_ID014_MG_T1_S1	Kefir metagenomic reads	wk01- Milk kefir grain	Kefir metagenome	PRJEB77409	not provided	Ireland
1326787	fermentation metagenome	TG_ID014_MG_T2_S6	Kefir metagenomic reads	wk05- Milk kefir grain	Kefir metagenome	PRJEB77409	not provided	Ireland
1326787	fermentation metagenome	TG_ID014_MG_T3_S62	Kefir metagenomic reads	wk09- Milk kefir grain	Kefir metagenome	PRJEB77409	not provided	Ireland
1326787	fermentation metagenome	TG_ID014_ML_T2_S4	Kefir metagenomic reads	wk05- Milk kefir liquid	Kefir metagenome	PRJEB77409	not provided	Ireland
1326787	fermentation metagenome	TG_ID014_ML_T3_S81	Kefir metagenomic reads	wk09- Milk kefir liquid	Kefir metagenome	PRJEB77409	not provided	Ireland
1326787	fermentation metagenome	TG_ID020_MG_T1_S106	Kefir metagenomic reads	wk01- Milk kefir grain	Kefir metagenome	PRJEB77409	not provided	Ireland
1326787	fermentation metagenome	TG_ID020_MG_T2_S323	Kefir metagenomic reads	wk05- Milk kefir grain	Kefir metagenome	PRJEB77409	not provided	Ireland
1326787	fermentation metagenome	TG_ID020_MG_T3_S118	Kefir metagenomic reads	wk09- Milk kefir grain	Kefir metagenome	PRJEB77409	not provided	Ireland
1326787	fermentation metagenome	TG_ID020_MG_T4_S75	Kefir metagenomic reads	wk13- Milk kefir grain	Kefir metagenome	PRJEB77409	not provided	Ireland
1326787	fermentation metagenome	TG_ID020_ML_T1_S142	Kefir metagenomic reads	wk01- Milk kefir liquid	Kefir metagenome	PRJEB77409	not provided	Ireland
1326787	fermentation metagenome	TG_ID020_ML_T2_S300	Kefir metagenomic reads	wk05- Milk kefir liquid	Kefir metagenome	PRJEB77409	not provided	Ireland
1326787	fermentation metagenome	TG_ID020_ML_T3_S143	Kefir metagenomic reads	wk09- Milk kefir liquid	Kefir metagenome	PRJEB77409	not provided	Ireland
1326787	fermentation metagenome	TG_ID020_ML_T4_S144	Kefir metagenomic reads	wk13- Milk kefir liquid	Kefir metagenome	PRJEB77409	not provided	Ireland
1326787	fermentation metagenome	TG_ID026_MG_T2_S3	Kefir metagenomic reads	wk05- Milk kefir grain	Kefir metagenome	PRJEB77409	not provided	Ireland
1326787	fermentation metagenome	TG_ID026_MG_T3_S130	Kefir metagenomic reads	wk09- Milk kefir grain	Kefir metagenome	PRJEB77409	not provided	Ireland
1326787	fermentation metagenome	TG_ID026_MG_T4_S76	Kefir metagenomic reads	wk13- Milk kefir grain	Kefir metagenome	PRJEB77409	not provided	Ireland
1326787	fermentation metagenome	TG_ID026_ML_T2_S157	Kefir metagenomic reads	wk05- Milk kefir liquid	Kefir metagenome	PRJEB77409	not provided	Ireland
1326787	fermentation metagenome	TG_ID026_ML_T4_S151	Kefir metagenomic reads	wk13- Milk kefir liquid	Kefir metagenome	PRJEB77409	not provided	Ireland
1326787	fermentation metagenome	TG_ID029_MG_T2_S15	Kefir metagenomic reads	wk05- Milk kefir grain	Kefir metagenome	PRJEB77409	not provided	Ireland
1326787	fermentation metagenome	TG_ID029_MG_T2_S67	Kefir metagenomic reads	wk05- Milk kefir grain	Kefir metagenome	PRJEB77409	not provided	Ireland
1326787	fermentation metagenome	TG_ID029_MG_T3_S142	Kefir metagenomic reads	wk09- Milk kefir grain	Kefir metagenome	PRJEB77409	not provided	Ireland
1326787	fermentation metagenome	TG_ID029_MG_T3_S77	Kefir metagenomic reads	wk09- Milk kefir grain	Kefir metagenome	PRJEB77409	not provided	Ireland
1326787	fermentation metagenome	TG_ID029_MG_T5_S154	Kefir metagenomic reads	wk17- Milk kefir grain	Kefir metagenome	PRJEB77409	not provided	Ireland
1326787	fermentation metagenome	TG_ID029_ML_T1_S145	Kefir metagenomic reads	wk01- Milk kefir liquid	Kefir metagenome	PRJEB77409	not provided	Ireland
1326787	fermentation metagenome	TG_ID029_ML_T2_S16	Kefir metagenomic reads	wk05- Milk kefir liquid	Kefir metagenome	PRJEB77409	not provided	Ireland
1326787	fermentation metagenome	TG_ID029_ML_T2_S79	Kefir metagenomic reads	wk05- Milk kefir liquid	Kefir metagenome	PRJEB77409	not provided	Ireland
1326787	fermentation metagenome	TG_ID029_ML_T5_S147	Kefir metagenomic reads	wk17- Milk kefir liquid	Kefir metagenome	PRJEB77409	not provided	Ireland
1326787	fermentation metagenome	TG_ID029_ML_T6_S87	Kefir metagenomic reads	wk21- Milk kefir liquid	Kefir metagenome	PRJEB77409	not provided	Ireland
1326787	fermentation metagenome	TG_ID032_MG_T2_S335	Kefir metagenomic reads	wk05- Milk kefir grain	Kefir metagenome	PRJEB77409	not provided	Ireland
1326787	fermentation metagenome	TG_ID032_MG_T3_S166	Kefir metagenomic reads	wk09- Milk kefir grain	Kefir metagenome	PRJEB77409	not provided	Ireland
1326787	fermentation metagenome	TG_ID032_ML_T2_S324	Kefir metagenomic reads	wk05- Milk kefir liquid	Kefir metagenome	PRJEB77409	not provided	Ireland
1326787	fermentation metagenome	TG_ID032_ML_T3_S152	Kefir metagenomic reads	wk09- Milk kefir liquid	Kefir metagenome	PRJEB77409	not provided	Ireland
1326787	fermentation metagenome	TG_ID036_MG_T4_S9	Kefir metagenomic reads	wk13- Milk kefir grain	Kefir metagenome	PRJEB77409	not provided	Ireland
1326787	fermentation metagenome	TG_ID036_MG_T5_S137	Kefir metagenomic reads	wk17- Milk kefir grain	Kefir metagenome	PRJEB77409	not provided	Ireland
1326787	fermentation metagenome	TG_ID036_MG_T6_S91	Kefir metagenomic reads	wk21- Milk kefir grain	Kefir metagenome	PRJEB77409	not provided	Ireland
1326787	fermentation metagenome	TG_ID036_ML_T1_S153	Kefir metagenomic reads	wk01- Milk kefir liquid	Kefir metagenome	PRJEB77409	not provided	Ireland
1326787	fermentation metagenome	TG_ID036_ML_T4_S10	Kefir metagenomic reads	wk13- Milk kefir liquid	Kefir metagenome	PRJEB77409	not provided	Ireland
1326787	fermentation metagenome	TG_ID036_ML_T5_S149	Kefir metagenomic reads	wk17- Milk kefir liquid	Kefir metagenome	PRJEB77409	not provided	Ireland
1326787	fermentation metagenome	TG_ID036_ML_T6_S8	Kefir metagenomic reads	wk21- Milk kefir liquid	Kefir metagenome	PRJEB77409	not provided	Ireland
1326787	fermentation metagenome	TG_ID037_MG_T1_S56	Kefir metagenomic reads	wk01- Milk kefir grain	Kefir metagenome	PRJEB77409	not provided	Ireland
1326787	fermentation metagenome	TG_ID037_MG_T2_S161	Kefir metagenomic reads	wk05- Milk kefir grain	Kefir metagenome	PRJEB77409	not provided	Ireland
1326787	fermentation metagenome	TG_ID037_MG_T4_S29	Kefir metagenomic reads	wk13- Milk kefir grain	Kefir metagenome	PRJEB77409	not provided	Ireland
1326787	fermentation metagenome	TG_ID037_MG_T5_S45	Kefir metagenomic reads	wk17- Milk kefir grain	Kefir metagenome	PRJEB77409	not provided	Ireland
1326787	fermentation metagenome	TG_ID037_MG_T6_S69	Kefir metagenomic reads	wk21- Milk kefir grain	Kefir metagenome	PRJEB77409	not provided	Ireland
1326787	fermentation metagenome	TG_ID037_ML_T2_S173	Kefir metagenomic reads	wk05- Milk kefir liquid	Kefir metagenome	PRJEB77409	not provided	Ireland
1326787	fermentation metagenome	TG_ID037_ML_T3_S185	Kefir metagenomic reads	wk09- Milk kefir liquid	Kefir metagenome	PRJEB77409	not provided	Ireland
1326787	fermentation metagenome	TG_ID037_ML_T4_S30	Kefir metagenomic reads	wk13- Milk kefir liquid	Kefir metagenome	PRJEB77409	not provided	Ireland
1326787	fermentation metagenome	TG_ID037_ML_T5_S57	Kefir metagenomic reads	wk17- Milk kefir liquid	Kefir metagenome	PRJEB77409	not provided	Ireland
1326787	fermentation metagenome	TG_ID037_ML_T6_S81	Kefir metagenomic reads	wk21- Milk kefir liquid	Kefir metagenome	PRJEB77409	not provided	Ireland
1326787	fermentation metagenome	TG_ID042_MG_T1_S102	Kefir metagenomic reads	wk01- Milk kefir grain	Kefir metagenome	PRJEB77409	not provided	Ireland
1326787	fermentation metagenome	TG_ID042_MG_T2_S126	Kefir metagenomic reads	wk05- Milk kefir grain	Kefir metagenome	PRJEB77409	not provided	Ireland
1326787	fermentation metagenome	TG_ID042_MG_T3_S347	Kefir metagenomic reads	wk09- Milk kefir grain	Kefir metagenome	PRJEB77409	not provided	Ireland
1326787	fermentation metagenome	TG_ID042_MG_T4_S170	Kefir metagenomic reads	wk13- Milk kefir grain	Kefir metagenome	PRJEB77409	not provided	Ireland
1326787	fermentation metagenome	TG_ID042_MG_T5_S165	Kefir metagenomic reads	wk17- Milk kefir grain	Kefir metagenome	PRJEB77409	not provided	Ireland
1326787	fermentation metagenome	TG_ID042_ML_T1_S114	Kefir metagenomic reads	wk01- Milk kefir liquid	Kefir metagenome	PRJEB77409	not provided	Ireland
1326787	fermentation metagenome	TG_ID042_ML_T2_S312	Kefir metagenomic reads	wk05- Milk kefir liquid	Kefir metagenome	PRJEB77409	not provided	Ireland
1326787	fermentation metagenome	TG_ID042_ML_T3_S138	Kefir metagenomic reads	wk09- Milk kefir liquid	Kefir metagenome	PRJEB77409	not provided	Ireland
1326787	fermentation metagenome	TG_ID042_ML_T4_S176	Kefir metagenomic reads	wk13- Milk kefir liquid	Kefir metagenome	PRJEB77409	not provided	Ireland
1326787	fermentation metagenome	TG_ID042_ML_T6_S172	Kefir metagenomic reads	wk21- Milk kefir liquid	Kefir metagenome	PRJEB77409	not provided	Ireland
1326787	fermentation metagenome	TG_ID043_MG_T1_S150	Kefir metagenomic reads	wk01- Milk kefir grain	Kefir metagenome	PRJEB77409	not provided	Ireland
1326787	fermentation metagenome	TG_ID043_MG_T2_S174	Kefir metagenomic reads	wk05- Milk kefir grain	Kefir metagenome	PRJEB77409	not provided	Ireland
1326787	fermentation metagenome	TG_ID043_MG_T3_S169	Kefir metagenomic reads	wk09- Milk kefir grain	Kefir metagenome	PRJEB77409	not provided	Ireland
1326787	fermentation metagenome	TG_ID043_MG_T6_S168	Kefir metagenomic reads	wk21- Milk kefir grain	Kefir metagenome	PRJEB77409	not provided	Ireland
1326787	fermentation metagenome	TG_ID043_ML_T1_S162	Kefir metagenomic reads	wk01- Milk kefir liquid	Kefir metagenome	PRJEB77409	not provided	Ireland
1326787	fermentation metagenome	TG_ID043_ML_T2_S186	Kefir metagenomic reads	wk05- Milk kefir liquid	Kefir metagenome	PRJEB77409	not provided	Ireland
1326787	fermentation metagenome	TG_ID043_ML_T3_S175	Kefir metagenomic reads	wk09- Milk kefir liquid	Kefir metagenome	PRJEB77409	not provided	Ireland
1326787	fermentation metagenome	TG_ID043_ML_T6_S174	Kefir metagenomic reads	wk21- Milk kefir liquid	Kefir metagenome	PRJEB77409	not provided	Ireland
1326787	fermentation metagenome	TG_ID048_MG_T3_S88	Kefir metagenomic reads	wk09- Milk kefir grain	Kefir metagenome	PRJEB77409	not provided	Ireland
1326787	fermentation metagenome	TG_ID048_MG_T4_S13	Kefir metagenomic reads	wk13- Milk kefir grain	Kefir metagenome	PRJEB77409	not provided	Ireland
1326787	fermentation metagenome	TG_ID048_MG_T5_S19	Kefir metagenomic reads	wk17- Milk kefir grain	Kefir metagenome	PRJEB77409	not provided	Ireland
1326787	fermentation metagenome	TG_ID048_MG_T6_S43	Kefir metagenomic reads	wk21- Milk kefir grain	Kefir metagenome	PRJEB77409	not provided	Ireland
1326787	fermentation metagenome	TG_ID048_ML_T2_S148	Kefir metagenomic reads	wk05- Milk kefir liquid	Kefir metagenome	PRJEB77409	not provided	Ireland
1326787	fermentation metagenome	TG_ID048_ML_T3_S5	Kefir metagenomic reads	wk09- Milk kefir liquid	Kefir metagenome	PRJEB77409	not provided	Ireland
1326787	fermentation metagenome	TG_ID048_ML_T4_S14	Kefir metagenomic reads	wk13- Milk kefir liquid	Kefir metagenome	PRJEB77409	not provided	Ireland
1326787	fermentation metagenome	TG_ID048_ML_T5_S31	Kefir metagenomic reads	wk17- Milk kefir liquid	Kefir metagenome	PRJEB77409	not provided	Ireland
1326787	fermentation metagenome	TG_ID048_ML_T6_S55	Kefir metagenomic reads	wk21- Milk kefir liquid	Kefir metagenome	PRJEB77409	not provided	Ireland
1326787	fermentation metagenome	TG_ID049_MG_T2_S302	Kefir metagenomic reads	wk05- Milk kefir grain	Kefir metagenome	PRJEB77409	not provided	Ireland
1326787	fermentation metagenome	TG_ID049_MG_T3_S103	Kefir metagenomic reads	wk09- Milk kefir grain	Kefir metagenome	PRJEB77409	not provided	Ireland
1326787	fermentation metagenome	TG_ID049_MG_T5_S127	Kefir metagenomic reads	wk17- Milk kefir grain	Kefir metagenome	PRJEB77409	not provided	Ireland
1326787	fermentation metagenome	TG_ID049_MG_T6_S134	Kefir metagenomic reads	wk21- Milk kefir grain	Kefir metagenome	PRJEB77409	not provided	Ireland
1326787	fermentation metagenome	TG_ID049_ML_T1_S104	Kefir metagenomic reads	wk01- Milk kefir liquid	Kefir metagenome	PRJEB77409	not provided	Ireland
1326787	fermentation metagenome	TG_ID049_ML_T3_S115	Kefir metagenomic reads	wk09- Milk kefir liquid	Kefir metagenome	PRJEB77409	not provided	Ireland
1326787	fermentation metagenome	TG_ID049_ML_T5_S139	Kefir metagenomic reads	wk17- Milk kefir liquid	Kefir metagenome	PRJEB77409	not provided	Ireland
1326787	fermentation metagenome	TG_ID049_ML_T6_S33	Kefir metagenomic reads	wk21- Milk kefir liquid	Kefir metagenome	PRJEB77409	not provided	Ireland
1326787	fermentation metagenome	TG_ID050_MG_T1_S180	Kefir metagenomic reads	wk01- Milk kefir grain	Kefir metagenome	PRJEB77409	not provided	Ireland
1326787	fermentation metagenome	TG_ID050_MG_T2_S192	Kefir metagenomic reads	wk05- Milk kefir grain	Kefir metagenome	PRJEB77409	not provided	Ireland
1326787	fermentation metagenome	TG_ID050_MG_T3_S385	Kefir metagenomic reads	wk09- Milk kefir grain	Kefir metagenome	PRJEB77409	not provided	Ireland
1326787	fermentation metagenome	TG_ID050_MG_T4_S83	Kefir metagenomic reads	wk13- Milk kefir grain	Kefir metagenome	PRJEB77409	not provided	Ireland
1326787	fermentation metagenome	TG_ID050_MG_T5_S390	Kefir metagenomic reads	wk17- Milk kefir grain	Kefir metagenome	PRJEB77409	not provided	Ireland
1326787	fermentation metagenome	TG_ID050_MG_T6_S395	Kefir metagenomic reads	wk21- Milk kefir grain	Kefir metagenome	PRJEB77409	not provided	Ireland
1326787	fermentation metagenome	TG_ID050_ML_T1_S132	Kefir metagenomic reads	wk01- Milk kefir liquid	Kefir metagenome	PRJEB77409	not provided	Ireland
1326787	fermentation metagenome	TG_ID050_ML_T2_S144	Kefir metagenomic reads	wk05- Milk kefir liquid	Kefir metagenome	PRJEB77409	not provided	Ireland
1326787	fermentation metagenome	TG_ID050_ML_T3_S156	Kefir metagenomic reads	wk09- Milk kefir liquid	Kefir metagenome	PRJEB77409	not provided	Ireland
1326787	fermentation metagenome	TG_ID050_ML_T4_S82	Kefir metagenomic reads	wk13- Milk kefir liquid	Kefir metagenome	PRJEB77409	not provided	Ireland
1326787	fermentation metagenome	TG_ID050_ML_T5_S168	Kefir metagenomic reads	wk17- Milk kefir liquid	Kefir metagenome	PRJEB77409	not provided	Ireland
1326787	fermentation metagenome	TG_ID050_ML_T6_S179	Kefir metagenomic reads	wk21- Milk kefir liquid	Kefir metagenome	PRJEB77409	not provided	Ireland
1326787	fermentation metagenome	TG_ID052_MG_T1_S290	Kefir metagenomic reads	wk01- Milk kefir grain	Kefir metagenome	PRJEB77409	not provided	Ireland
1326787	fermentation metagenome	TG_ID052_MG_T2_S314	Kefir metagenomic reads	wk05- Milk kefir grain	Kefir metagenome	PRJEB77409	not provided	Ireland
1326787	fermentation metagenome	TG_ID052_MG_T3_S64	Kefir metagenomic reads	wk09- Milk kefir grain	Kefir metagenome	PRJEB77409	not provided	Ireland
1326787	fermentation metagenome	TG_ID052_MG_T4_S78	Kefir metagenomic reads	wk13- Milk kefir grain	Kefir metagenome	PRJEB77409	not provided	Ireland
1326787	fermentation metagenome	TG_ID052_MG_T5_S154	Kefir metagenomic reads	wk17- Milk kefir grain	Kefir metagenome	PRJEB77409	not provided	Ireland
1326787	fermentation metagenome	TG_ID052_ML_T3_S76	Kefir metagenomic reads	wk09- Milk kefir liquid	Kefir metagenome	PRJEB77409	not provided	Ireland
1326787	fermentation metagenome	TG_ID052_ML_T4_S156	Kefir metagenomic reads	wk13- Milk kefir liquid	Kefir metagenome	PRJEB77409	not provided	Ireland
1326787	fermentation metagenome	TG_ID052_ML_T5_S155	Kefir metagenomic reads	wk17- Milk kefir liquid	Kefir metagenome	PRJEB77409	not provided	Ireland
1326787	fermentation metagenome	TG_ID053_MG_T1_S359	Kefir metagenomic reads	wk01- Milk kefir grain	Kefir metagenome	PRJEB77409	not provided	Ireland
1326787	fermentation metagenome	TG_ID053_MG_T2_S371	Kefir metagenomic reads	wk05- Milk kefir grain	Kefir metagenome	PRJEB77409	not provided	Ireland
1326787	fermentation metagenome	TG_ID053_MG_T3_S89	Kefir metagenomic reads	wk09- Milk kefir grain	Kefir metagenome	PRJEB77409	not provided	Ireland
1326787	fermentation metagenome	TG_ID053_MG_T5_S90	Kefir metagenomic reads	wk17- Milk kefir grain	Kefir metagenome	PRJEB77409	not provided	Ireland
1326787	fermentation metagenome	TG_ID053_MG_T6_S91	Kefir metagenomic reads	wk21- Milk kefir grain	Kefir metagenome	PRJEB77409	not provided	Ireland
1326787	fermentation metagenome	TG_ID053_ML_T1_S336	Kefir metagenomic reads	wk01- Milk kefir liquid	Kefir metagenome	PRJEB77409	not provided	Ireland
1326787	fermentation metagenome	TG_ID053_ML_T2_S348	Kefir metagenomic reads	wk05- Milk kefir liquid	Kefir metagenome	PRJEB77409	not provided	Ireland
1326787	fermentation metagenome	TG_ID053_ML_T3_S113	Kefir metagenomic reads	wk09- Milk kefir liquid	Kefir metagenome	PRJEB77409	not provided	Ireland
1326787	fermentation metagenome	TG_ID053_ML_T4_S116	Kefir metagenomic reads	wk13- Milk kefir liquid	Kefir metagenome	PRJEB77409	not provided	Ireland
1326787	fermentation metagenome	TG_ID053_ML_T5_S114	Kefir metagenomic reads	wk17- Milk kefir liquid	Kefir metagenome	PRJEB77409	not provided	Ireland
1326787	fermentation metagenome	TG_ID053_ML_T6_S115	Kefir metagenomic reads	wk21- Milk kefir liquid	Kefir metagenome	PRJEB77409	not provided	Ireland
1326787	fermentation metagenome	TG_ID054_MG_T2_S151	Kefir metagenomic reads	wk05- Milk kefir grain	Kefir metagenome	PRJEB77409	not provided	Ireland
1326787	fermentation metagenome	TG_ID054_MG_T3_S383	Kefir metagenomic reads	wk09- Milk kefir grain	Kefir metagenome	PRJEB77409	not provided	Ireland
1326787	fermentation metagenome	TG_ID054_MG_T4_S57	Kefir metagenomic reads	wk13- Milk kefir grain	Kefir metagenome	PRJEB77409	not provided	Ireland
1326787	fermentation metagenome	TG_ID054_MG_T5_S93	Kefir metagenomic reads	wk17- Milk kefir grain	Kefir metagenome	PRJEB77409	not provided	Ireland
1326787	fermentation metagenome	TG_ID054_MG_T6_S22	Kefir metagenomic reads	wk21- Milk kefir grain	Kefir metagenome	PRJEB77409	not provided	Ireland
1326787	fermentation metagenome	TG_ID054_ML_T2_S163	Kefir metagenomic reads	wk05- Milk kefir liquid	Kefir metagenome	PRJEB77409	not provided	Ireland
1326787	fermentation metagenome	TG_ID054_ML_T3_S360	Kefir metagenomic reads	wk09- Milk kefir liquid	Kefir metagenome	PRJEB77409	not provided	Ireland
1326787	fermentation metagenome	TG_ID054_ML_T4_S58	Kefir metagenomic reads	wk13- Milk kefir liquid	Kefir metagenome	PRJEB77409	not provided	Ireland
1326787	fermentation metagenome	TG_ID054_ML_T5_S10	Kefir metagenomic reads	wk17- Milk kefir liquid	Kefir metagenome	PRJEB77409	not provided	Ireland
1326787	fermentation metagenome	TG_ID054_ML_T6_S34	Kefir metagenomic reads	wk21- Milk kefir liquid	Kefir metagenome	PRJEB77409	not provided	Ireland
1326787	fermentation metagenome	TG_ID056_WG_T1_S11	Kefir metagenomic reads	wk01- Water kefir grain	Kefir metagenome	PRJEB77409	not provided	Ireland
1326787	fermentation metagenome	TG_ID056_WG_T2_S35	Kefir metagenomic reads	wk05- Water kefir grain	Kefir metagenome	PRJEB77409	not provided	Ireland
1326787	fermentation metagenome	TG_ID056_WG_T3_S59	Kefir metagenomic reads	wk09- Water kefir grain	Kefir metagenome	PRJEB77409	not provided	Ireland
1326787	fermentation metagenome	TG_ID056_WG_T4_S33	Kefir metagenomic reads	wk13- Water kefir grain	Kefir metagenome	PRJEB77409	not provided	Ireland
1326787	fermentation metagenome	TG_ID056_WG_T5_S83	Kefir metagenomic reads	wk17- Water kefir grain	Kefir metagenome	PRJEB77409	not provided	Ireland
1326787	fermentation metagenome	TG_ID056_WG_T6_S12	Kefir metagenomic reads	wk21- Water kefir grain	Kefir metagenome	PRJEB77409	not provided	Ireland
1326787	fermentation metagenome	TG_ID056_WL_T1_S23	Kefir metagenomic reads	wk01- Water kefir liquid	Kefir metagenome	PRJEB77409	not provided	Ireland
1326787	fermentation metagenome	TG_ID056_WL_T2_S47	Kefir metagenomic reads	wk05- Water kefir liquid	Kefir metagenome	PRJEB77409	not provided	Ireland
1326787	fermentation metagenome	TG_ID056_WL_T3_S71	Kefir metagenomic reads	wk09- Water kefir liquid	Kefir metagenome	PRJEB77409	not provided	Ireland
1326787	fermentation metagenome	TG_ID056_WL_T4_S34	Kefir metagenomic reads	wk13- Water kefir liquid	Kefir metagenome	PRJEB77409	not provided	Ireland
1326787	fermentation metagenome	TG_ID056_WL_T5_S95	Kefir metagenomic reads	wk17- Water kefir liquid	Kefir metagenome	PRJEB77409	not provided	Ireland
1326787	fermentation metagenome	TG_ID056_WL_T6_S24	Kefir metagenomic reads	wk21- Water kefir liquid	Kefir metagenome	PRJEB77409	not provided	Ireland
1326787	fermentation metagenome	TG_ID058_WG_T1_S2	Kefir metagenomic reads	wk01- Water kefir grain	Kefir metagenome	PRJEB77409	not provided	Ireland
1326787	fermentation metagenome	TG_ID058_WG_T1_S352	Kefir metagenomic reads	wk01- Water kefir grain	Kefir metagenome	PRJEB77409	not provided	Ireland
1326787	fermentation metagenome	TG_ID058_WG_T3_S36	Kefir metagenomic reads	wk09- Water kefir grain	Kefir metagenome	PRJEB77409	not provided	Ireland
1326787	fermentation metagenome	TG_ID058_WG_T4_S35	Kefir metagenomic reads	wk13- Water kefir grain	Kefir metagenome	PRJEB77409	not provided	Ireland
1326787	fermentation metagenome	TG_ID058_WG_T5_S60	Kefir metagenomic reads	wk17- Water kefir grain	Kefir metagenome	PRJEB77409	not provided	Ireland
1326787	fermentation metagenome	TG_ID058_WG_T6_S84	Kefir metagenomic reads	wk21- Water kefir grain	Kefir metagenome	PRJEB77409	not provided	Ireland
1326787	fermentation metagenome	TG_ID058_WL_T1_S376	Kefir metagenomic reads	wk01- Water kefir liquid	Kefir metagenome	PRJEB77409	not provided	Ireland
1326787	fermentation metagenome	TG_ID058_WL_T3_S48	Kefir metagenomic reads	wk09- Water kefir liquid	Kefir metagenome	PRJEB77409	not provided	Ireland
1326787	fermentation metagenome	TG_ID058_WL_T4_S36	Kefir metagenomic reads	wk13- Water kefir liquid	Kefir metagenome	PRJEB77409	not provided	Ireland
1326787	fermentation metagenome	TG_ID058_WL_T5_S72	Kefir metagenomic reads	wk17- Water kefir liquid	Kefir metagenome	PRJEB77409	not provided	Ireland
1326787	fermentation metagenome	TG_ID058_WL_T6_S96	Kefir metagenomic reads	wk21- Water kefir liquid	Kefir metagenome	PRJEB77409	not provided	Ireland
1326787	fermentation metagenome	TG_ID060_WG_T2_S175	Kefir metagenomic reads	wk05- Water kefir grain	Kefir metagenome	PRJEB77409	not provided	Ireland
1326787	fermentation metagenome	TG_ID060_WG_T3_S97	Kefir metagenomic reads	wk09- Water kefir grain	Kefir metagenome	PRJEB77409	not provided	Ireland
1326787	fermentation metagenome	TG_ID060_WG_T6_S121	Kefir metagenomic reads	wk21- Water kefir grain	Kefir metagenome	PRJEB77409	not provided	Ireland
1326787	fermentation metagenome	TG_ID060_WL_T2_S187	Kefir metagenomic reads	wk05- Water kefir liquid	Kefir metagenome	PRJEB77409	not provided	Ireland
1326787	fermentation metagenome	TG_ID060_WL_T3_S109	Kefir metagenomic reads	wk09- Water kefir liquid	Kefir metagenome	PRJEB77409	not provided	Ireland
1326787	fermentation metagenome	TG_ID061_WG_T1_S364	Kefir metagenomic reads	wk01- Water kefir grain	Kefir metagenome	PRJEB77409	not provided	Ireland
1326787	fermentation metagenome	TG_ID061_WG_T2_S355	Kefir metagenomic reads	wk05- Water kefir grain	Kefir metagenome	PRJEB77409	not provided	Ireland
1326787	fermentation metagenome	TG_ID061_WG_T3_S104	Kefir metagenomic reads	wk09- Water kefir grain	Kefir metagenome	PRJEB77409	not provided	Ireland
1326787	fermentation metagenome	TG_ID061_WG_T4_S37	Kefir metagenomic reads	wk13- Water kefir grain	Kefir metagenome	PRJEB77409	not provided	Ireland
1326787	fermentation metagenome	TG_ID061_WG_T5_S133	Kefir metagenomic reads	wk17- Water kefir grain	Kefir metagenome	PRJEB77409	not provided	Ireland
1326787	fermentation metagenome	TG_ID061_WG_T6_S157	Kefir metagenomic reads	wk21- Water kefir grain	Kefir metagenome	PRJEB77409	not provided	Ireland
1326787	fermentation metagenome	TG_ID061_WL_T1_S293	Kefir metagenomic reads	wk01- Water kefir liquid	Kefir metagenome	PRJEB77409	not provided	Ireland
1326787	fermentation metagenome	TG_ID061_WL_T2_S309	Kefir metagenomic reads	wk05- Water kefir liquid	Kefir metagenome	PRJEB77409	not provided	Ireland
1326787	fermentation metagenome	TG_ID061_WL_T3_S116	Kefir metagenomic reads	wk09- Water kefir liquid	Kefir metagenome	PRJEB77409	not provided	Ireland
1326787	fermentation metagenome	TG_ID061_WL_T4_S38	Kefir metagenomic reads	wk13- Water kefir liquid	Kefir metagenome	PRJEB77409	not provided	Ireland
1326787	fermentation metagenome	TG_ID061_WL_T5_S145	Kefir metagenomic reads	wk17- Water kefir liquid	Kefir metagenome	PRJEB77409	not provided	Ireland
1326787	fermentation metagenome	TG_ID061_WL_T6_S169	Kefir metagenomic reads	wk21- Water kefir liquid	Kefir metagenome	PRJEB77409	not provided	Ireland
1326787	fermentation metagenome	TG_ID062_WG_T1_S128	Kefir metagenomic reads	wk01- Water kefir grain	Kefir metagenome	PRJEB77409	not provided	Ireland
1326787	fermentation metagenome	TG_ID062_WG_T2_S320	Kefir metagenomic reads	wk05- Water kefir grain	Kefir metagenome	PRJEB77409	not provided	Ireland
1326787	fermentation metagenome	TG_ID062_WG_T3_S181	Kefir metagenomic reads	wk09- Water kefir grain	Kefir metagenome	PRJEB77409	not provided	Ireland
1326787	fermentation metagenome	TG_ID062_WL_T1_S140	Kefir metagenomic reads	wk01- Water kefir liquid	Kefir metagenome	PRJEB77409	not provided	Ireland
1326787	fermentation metagenome	TG_ID062_WL_T2_S321	Kefir metagenomic reads	wk05- Water kefir liquid	Kefir metagenome	PRJEB77409	not provided	Ireland
1326787	fermentation metagenome	TG_ID062_WL_T3_S98	Kefir metagenomic reads	wk09- Water kefir liquid	Kefir metagenome	PRJEB77409	not provided	Ireland
1326787	fermentation metagenome	TG_ID069_WG_T1_S105	Kefir metagenomic reads	wk01- Water kefir grain	Kefir metagenome	PRJEB77409	not provided	Ireland
1326787	fermentation metagenome	TG_ID070_WG_T1_S188	Kefir metagenomic reads	wk01- Water kefir grain	Kefir metagenome	PRJEB77409	not provided	Ireland
1326787	fermentation metagenome	TG_ID070_WG_T2_S332	Kefir metagenomic reads	wk05- Water kefir grain	Kefir metagenome	PRJEB77409	not provided	Ireland
1326787	fermentation metagenome	TG_ID070_WG_T4_S63	Kefir metagenomic reads	wk13- Water kefir grain	Kefir metagenome	PRJEB77409	not provided	Ireland
1326787	fermentation metagenome	TG_ID070_WG_T5_S32	Kefir metagenomic reads	wk17- Water kefir grain	Kefir metagenome	PRJEB77409	not provided	Ireland
1326787	fermentation metagenome	TG_ID070_WL_T1_S105	Kefir metagenomic reads	wk01- Water kefir liquid	Kefir metagenome	PRJEB77409	not provided	Ireland
1326787	fermentation metagenome	TG_ID070_WL_T2_S20	Kefir metagenomic reads	wk05- Water kefir liquid	Kefir metagenome	PRJEB77409	not provided	Ireland
1326787	fermentation metagenome	TG_ID070_WL_T3_S333	Kefir metagenomic reads	wk09- Water kefir liquid	Kefir metagenome	PRJEB77409	not provided	Ireland
1326787	fermentation metagenome	TG_ID070_WL_T4_S64	Kefir metagenomic reads	wk13- Water kefir liquid	Kefir metagenome	PRJEB77409	not provided	Ireland
1326787	fermentation metagenome	TG_ID070_WL_T5_S44	Kefir metagenomic reads	wk17- Water kefir liquid	Kefir metagenome	PRJEB77409	not provided	Ireland
1326787	fermentation metagenome	TG_ID079_WG_T1_S53	Kefir metagenomic reads	wk01- Water kefir grain	Kefir metagenome	PRJEB77409	not provided	Ireland
1326787	fermentation metagenome	TG_ID079_WG_T2_S128	Kefir metagenomic reads	wk05- Water kefir grain	Kefir metagenome	PRJEB77409	not provided	Ireland
1326787	fermentation metagenome	TG_ID079_WL_T1_S59	Kefir metagenomic reads	wk01- Water kefir liquid	Kefir metagenome	PRJEB77409	not provided	Ireland
1326787	fermentation metagenome	TG_ID082_WG_T1_S330	Kefir metagenomic reads	wk01- Water kefir grain	Kefir metagenome	PRJEB77409	not provided	Ireland
1326787	fermentation metagenome	TG_ID082_WG_T2_S344	Kefir metagenomic reads	wk05- Water kefir grain	Kefir metagenome	PRJEB77409	not provided	Ireland
1326787	fermentation metagenome	TG_ID082_WG_T3_S129	Kefir metagenomic reads	wk09- Water kefir grain	Kefir metagenome	PRJEB77409	not provided	Ireland
1326787	fermentation metagenome	TG_ID082_WG_T4_S130	Kefir metagenomic reads	wk13- Water kefir grain	Kefir metagenome	PRJEB77409	not provided	Ireland
1326787	fermentation metagenome	TG_ID082_WG_T5_S131	Kefir metagenomic reads	wk17- Water kefir grain	Kefir metagenome	PRJEB77409	not provided	Ireland
1326787	fermentation metagenome	TG_ID082_WL_T1_S305	Kefir metagenomic reads	wk01- Water kefir liquid	Kefir metagenome	PRJEB77409	not provided	Ireland
1326787	fermentation metagenome	TG_ID082_WL_T2_S345	Kefir metagenomic reads	wk05- Water kefir liquid	Kefir metagenome	PRJEB77409	not provided	Ireland
1326787	fermentation metagenome	TG_ID082_WL_T3_S400	Kefir metagenomic reads	wk09- Water kefir liquid	Kefir metagenome	PRJEB77409	not provided	Ireland
1326787	fermentation metagenome	TG_ID082_WL_T4_S84	Kefir metagenomic reads	wk13- Water kefir liquid	Kefir metagenome	PRJEB77409	not provided	Ireland
1326787	fermentation metagenome	TG_ID082_WL_T5_S405	Kefir metagenomic reads	wk17- Water kefir liquid	Kefir metagenome	PRJEB77409	not provided	Ireland
1326787	fermentation metagenome	TG_ID083_WG_T1_S3	Kefir metagenomic reads	wk01- Water kefir grain	Kefir metagenome	PRJEB77409	not provided	Ireland
1326787	fermentation metagenome	TG_ID083_WG_T1_S342	Kefir metagenomic reads	wk01- Water kefir grain	Kefir metagenome	PRJEB77409	not provided	Ireland
1326787	fermentation metagenome	TG_ID083_WG_T2_S357	Kefir metagenomic reads	wk05- Water kefir grain	Kefir metagenome	PRJEB77409	not provided	Ireland
1326787	fermentation metagenome	TG_ID083_WG_T3_S170	Kefir metagenomic reads	wk09- Water kefir grain	Kefir metagenome	PRJEB77409	not provided	Ireland
1326787	fermentation metagenome	TG_ID083_WG_T4_S39	Kefir metagenomic reads	wk13- Water kefir grain	Kefir metagenome	PRJEB77409	not provided	Ireland
1326787	fermentation metagenome	TG_ID083_WG_T5_S17	Kefir metagenomic reads	wk17- Water kefir grain	Kefir metagenome	PRJEB77409	not provided	Ireland
1326787	fermentation metagenome	TG_ID083_WL_T1_S317	Kefir metagenomic reads	wk01- Water kefir liquid	Kefir metagenome	PRJEB77409	not provided	Ireland
1326787	fermentation metagenome	TG_ID083_WL_T3_S182	Kefir metagenomic reads	wk09- Water kefir liquid	Kefir metagenome	PRJEB77409	not provided	Ireland
1326787	fermentation metagenome	TG_ID083_WL_T4_S40	Kefir metagenomic reads	wk13- Water kefir liquid	Kefir metagenome	PRJEB77409	not provided	Ireland
1326787	fermentation metagenome	TG_ID083_WL_T5_S29	Kefir metagenomic reads	wk17- Water kefir liquid	Kefir metagenome	PRJEB77409	not provided	Ireland
1326787	fermentation metagenome	TG_ID084_WG_T1_S354	Kefir metagenomic reads	wk01- Water kefir grain	Kefir metagenome	PRJEB77409	not provided	Ireland
1326787	fermentation metagenome	TG_ID084_WG_T2_S381	Kefir metagenomic reads	wk05- Water kefir grain	Kefir metagenome	PRJEB77409	not provided	Ireland
1326787	fermentation metagenome	TG_ID084_WG_T3_S146	Kefir metagenomic reads	wk09- Water kefir grain	Kefir metagenome	PRJEB77409	not provided	Ireland
1326787	fermentation metagenome	TG_ID084_WG_T4_S132	Kefir metagenomic reads	wk13- Water kefir grain	Kefir metagenome	PRJEB77409	not provided	Ireland
1326787	fermentation metagenome	TG_ID084_WG_T5_S41	Kefir metagenomic reads	wk17- Water kefir grain	Kefir metagenome	PRJEB77409	not provided	Ireland
1326787	fermentation metagenome	TG_ID084_WG_T6_S133	Kefir metagenomic reads	wk21- Water kefir grain	Kefir metagenome	PRJEB77409	not provided	Ireland
1326787	fermentation metagenome	TG_ID084_WL_T1_S329	Kefir metagenomic reads	wk01- Water kefir liquid	Kefir metagenome	PRJEB77409	not provided	Ireland
1326787	fermentation metagenome	TG_ID084_WL_T2_S369	Kefir metagenomic reads	wk05- Water kefir liquid	Kefir metagenome	PRJEB77409	not provided	Ireland
1326787	fermentation metagenome	TG_ID084_WL_T3_S158	Kefir metagenomic reads	wk09- Water kefir liquid	Kefir metagenome	PRJEB77409	not provided	Ireland
1326787	fermentation metagenome	TG_ID084_WL_T4_S149	Kefir metagenomic reads	wk13- Water kefir liquid	Kefir metagenome	PRJEB77409	not provided	Ireland
1326787	fermentation metagenome	TG_ID084_WL_T5_S53	Kefir metagenomic reads	wk17- Water kefir liquid	Kefir metagenome	PRJEB77409	not provided	Ireland
1326787	fermentation metagenome	TG_ID085_WG_T1_S366	Kefir metagenomic reads	wk01- Water kefir grain	Kefir metagenome	PRJEB77409	not provided	Ireland
1326787	fermentation metagenome	TG_ID085_WG_T2_S123	Kefir metagenomic reads	wk05- Water kefir grain	Kefir metagenome	PRJEB77409	not provided	Ireland
1326787	fermentation metagenome	TG_ID085_WG_T3_S99	Kefir metagenomic reads	wk09- Water kefir grain	Kefir metagenome	PRJEB77409	not provided	Ireland
1326787	fermentation metagenome	TG_ID085_WG_T4_S41	Kefir metagenomic reads	wk13- Water kefir grain	Kefir metagenome	PRJEB77409	not provided	Ireland
1326787	fermentation metagenome	TG_ID085_WG_T5_S65	Kefir metagenomic reads	wk17- Water kefir grain	Kefir metagenome	PRJEB77409	not provided	Ireland
1326787	fermentation metagenome	TG_ID085_WL_T1_S341	Kefir metagenomic reads	wk01- Water kefir liquid	Kefir metagenome	PRJEB77409	not provided	Ireland
1326787	fermentation metagenome	TG_ID085_WL_T2_S298	Kefir metagenomic reads	wk05- Water kefir liquid	Kefir metagenome	PRJEB77409	not provided	Ireland
1326787	fermentation metagenome	TG_ID085_WL_T3_S111	Kefir metagenomic reads	wk09- Water kefir liquid	Kefir metagenome	PRJEB77409	not provided	Ireland
1326787	fermentation metagenome	TG_ID085_WL_T4_S42	Kefir metagenomic reads	wk13- Water kefir liquid	Kefir metagenome	PRJEB77409	not provided	Ireland
1326787	fermentation metagenome	TG_ID085_WL_T5_S77	Kefir metagenomic reads	wk17- Water kefir liquid	Kefir metagenome	PRJEB77409	not provided	Ireland
1326787	fermentation metagenome	TG_ID086_WG_T1_S378	Kefir metagenomic reads	wk01- Water kefir grain	Kefir metagenome	PRJEB77409	not provided	Ireland
1326787	fermentation metagenome	TG_ID086_WG_T2_S356	Kefir metagenomic reads	wk05- Water kefir grain	Kefir metagenome	PRJEB77409	not provided	Ireland
1326787	fermentation metagenome	TG_ID086_WG_T3_S135	Kefir metagenomic reads	wk09- Water kefir grain	Kefir metagenome	PRJEB77409	not provided	Ireland
1326787	fermentation metagenome	TG_ID086_WG_T4_S43	Kefir metagenomic reads	wk13- Water kefir grain	Kefir metagenome	PRJEB77409	not provided	Ireland
1326787	fermentation metagenome	TG_ID086_WG_T5_S89	Kefir metagenomic reads	wk17- Water kefir grain	Kefir metagenome	PRJEB77409	not provided	Ireland
1326787	fermentation metagenome	TG_ID086_WL_T1_S353	Kefir metagenomic reads	wk01- Water kefir liquid	Kefir metagenome	PRJEB77409	not provided	Ireland
1326787	fermentation metagenome	TG_ID086_WL_T2_S310	Kefir metagenomic reads	wk05- Water kefir liquid	Kefir metagenome	PRJEB77409	not provided	Ireland
1326787	fermentation metagenome	TG_ID086_WL_T3_S147	Kefir metagenomic reads	wk09- Water kefir liquid	Kefir metagenome	PRJEB77409	not provided	Ireland
1326787	fermentation metagenome	TG_ID086_WL_T4_S44	Kefir metagenomic reads	wk13- Water kefir liquid	Kefir metagenome	PRJEB77409	not provided	Ireland
1326787	fermentation metagenome	TG_ID086_WL_T5_S6	Kefir metagenomic reads	wk17- Water kefir liquid	Kefir metagenome	PRJEB77409	not provided	Ireland
1326787	fermentation metagenome	TG_ID087_WG_T1_S295	Kefir metagenomic reads	wk01- Water kefir grain	Kefir metagenome	PRJEB77409	not provided	Ireland
1326787	fermentation metagenome	TG_ID087_WG_T2_S334	Kefir metagenomic reads	wk05- Water kefir grain	Kefir metagenome	PRJEB77409	not provided	Ireland
1326787	fermentation metagenome	TG_ID087_WG_T3_S159	Kefir metagenomic reads	wk09- Water kefir grain	Kefir metagenome	PRJEB77409	not provided	Ireland
1326787	fermentation metagenome	TG_ID087_WG_T4_S45	Kefir metagenomic reads	wk13- Water kefir grain	Kefir metagenome	PRJEB77409	not provided	Ireland
1326787	fermentation metagenome	TG_ID087_WG_T5_S18	Kefir metagenomic reads	wk17- Water kefir grain	Kefir metagenome	PRJEB77409	not provided	Ireland
1326787	fermentation metagenome	TG_ID087_WL_T1_S365	Kefir metagenomic reads	wk01- Water kefir liquid	Kefir metagenome	PRJEB77409	not provided	Ireland
1326787	fermentation metagenome	TG_ID087_WL_T2_S322	Kefir metagenomic reads	wk05- Water kefir liquid	Kefir metagenome	PRJEB77409	not provided	Ireland
1326787	fermentation metagenome	TG_ID087_WL_T3_S171	Kefir metagenomic reads	wk09- Water kefir liquid	Kefir metagenome	PRJEB77409	not provided	Ireland
1326787	fermentation metagenome	TG_ID087_WL_T4_S46	Kefir metagenomic reads	wk13- Water kefir liquid	Kefir metagenome	PRJEB77409	not provided	Ireland
1326787	fermentation metagenome	TG_ID087_WL_T5_S30	Kefir metagenomic reads	wk17- Water kefir liquid	Kefir metagenome	PRJEB77409	not provided	Ireland
1326787	fermentation metagenome	TG_ID088_WG_T1_S307	Kefir metagenomic reads	wk01- Water kefir grain	Kefir metagenome	PRJEB77409	not provided	Ireland
1326787	fermentation metagenome	TG_ID088_WG_T2_S368	Kefir metagenomic reads	wk05- Water kefir grain	Kefir metagenome	PRJEB77409	not provided	Ireland
1326787	fermentation metagenome	TG_ID088_WG_T3_S183	Kefir metagenomic reads	wk09- Water kefir grain	Kefir metagenome	PRJEB77409	not provided	Ireland
1326787	fermentation metagenome	TG_ID088_WG_T4_S47	Kefir metagenomic reads	wk13- Water kefir grain	Kefir metagenome	PRJEB77409	not provided	Ireland
1326787	fermentation metagenome	TG_ID088_WG_T5_S42	Kefir metagenomic reads	wk17- Water kefir grain	Kefir metagenome	PRJEB77409	not provided	Ireland
1326787	fermentation metagenome	TG_ID088_WL_T1_S377	Kefir metagenomic reads	wk01- Water kefir liquid	Kefir metagenome	PRJEB77409	not provided	Ireland
1326787	fermentation metagenome	TG_ID088_WL_T2_S346	Kefir metagenomic reads	wk05- Water kefir liquid	Kefir metagenome	PRJEB77409	not provided	Ireland
1326787	fermentation metagenome	TG_ID088_WL_T3_S100	Kefir metagenomic reads	wk09- Water kefir liquid	Kefir metagenome	PRJEB77409	not provided	Ireland
1326787	fermentation metagenome	TG_ID088_WL_T4_S48	Kefir metagenomic reads	wk13- Water kefir liquid	Kefir metagenome	PRJEB77409	not provided	Ireland
1326787	fermentation metagenome	TG_ID088_WL_T5_S54	Kefir metagenomic reads	wk17- Water kefir liquid	Kefir metagenome	PRJEB77409	not provided	Ireland
1326787	fermentation metagenome	TG_ID089_WG_T1_S319	Kefir metagenomic reads	wk01- Water kefir grain	Kefir metagenome	PRJEB77409	not provided	Ireland
1326787	fermentation metagenome	TG_ID089_WG_T2_S380	Kefir metagenomic reads	wk05- Water kefir grain	Kefir metagenome	PRJEB77409	not provided	Ireland
1326787	fermentation metagenome	TG_ID089_WG_T3_S112	Kefir metagenomic reads	wk09- Water kefir grain	Kefir metagenome	PRJEB77409	not provided	Ireland
1326787	fermentation metagenome	TG_ID089_WG_T4_S49	Kefir metagenomic reads	wk13- Water kefir grain	Kefir metagenome	PRJEB77409	not provided	Ireland
1326787	fermentation metagenome	TG_ID089_WG_T5_S66	Kefir metagenomic reads	wk17- Water kefir grain	Kefir metagenome	PRJEB77409	not provided	Ireland
1326787	fermentation metagenome	TG_ID089_WL_T1_S294	Kefir metagenomic reads	wk01- Water kefir liquid	Kefir metagenome	PRJEB77409	not provided	Ireland
1326787	fermentation metagenome	TG_ID089_WL_T2_S358	Kefir metagenomic reads	wk05- Water kefir liquid	Kefir metagenome	PRJEB77409	not provided	Ireland
1326787	fermentation metagenome	TG_ID089_WL_T3_S124	Kefir metagenomic reads	wk09- Water kefir liquid	Kefir metagenome	PRJEB77409	not provided	Ireland
1326787	fermentation metagenome	TG_ID089_WL_T4_S50	Kefir metagenomic reads	wk13- Water kefir liquid	Kefir metagenome	PRJEB77409	not provided	Ireland
1326787	fermentation metagenome	TG_ID089_WL_T5_S78	Kefir metagenomic reads	wk17- Water kefir liquid	Kefir metagenome	PRJEB77409	not provided	Ireland
1326787	fermentation metagenome	TG_ID090_WG_T1_S331	Kefir metagenomic reads	wk01- Water kefir grain	Kefir metagenome	PRJEB77409	not provided	Ireland
1326787	fermentation metagenome	TG_ID090_WG_T2_S297	Kefir metagenomic reads	wk05- Water kefir grain	Kefir metagenome	PRJEB77409	not provided	Ireland
1326787	fermentation metagenome	TG_ID090_WG_T3_S136	Kefir metagenomic reads	wk09- Water kefir grain	Kefir metagenome	PRJEB77409	not provided	Ireland
1326787	fermentation metagenome	TG_ID090_WG_T4_S51	Kefir metagenomic reads	wk13- Water kefir grain	Kefir metagenome	PRJEB77409	not provided	Ireland
1326787	fermentation metagenome	TG_ID090_WG_T5_S90	Kefir metagenomic reads	wk17- Water kefir grain	Kefir metagenome	PRJEB77409	not provided	Ireland
1326787	fermentation metagenome	TG_ID090_WL_T1_S306	Kefir metagenomic reads	wk01- Water kefir liquid	Kefir metagenome	PRJEB77409	not provided	Ireland
1326787	fermentation metagenome	TG_ID090_WL_T2_S370	Kefir metagenomic reads	wk05- Water kefir liquid	Kefir metagenome	PRJEB77409	not provided	Ireland
1326787	fermentation metagenome	TG_ID090_WL_T3_S148	Kefir metagenomic reads	wk09- Water kefir liquid	Kefir metagenome	PRJEB77409	not provided	Ireland
1326787	fermentation metagenome	TG_ID090_WL_T4_S52	Kefir metagenomic reads	wk13- Water kefir liquid	Kefir metagenome	PRJEB77409	not provided	Ireland
1326787	fermentation metagenome	TG_ID090_WL_T5_S7	Kefir metagenomic reads	wk17- Water kefir liquid	Kefir metagenome	PRJEB77409	not provided	Ireland
1326787	fermentation metagenome	TG_ID092_WG_T1_S343	Kefir metagenomic reads	wk01- Water kefir grain	Kefir metagenome	PRJEB77409	not provided	Ireland
1326787	fermentation metagenome	TG_ID092_WG_T2_S160	Kefir metagenomic reads	wk05- Water kefir grain	Kefir metagenome	PRJEB77409	not provided	Ireland
1326787	fermentation metagenome	TG_ID092_WG_T3_S58	Kefir metagenomic reads	wk09- Water kefir grain	Kefir metagenome	PRJEB77409	not provided	Ireland
1326787	fermentation metagenome	TG_ID092_WG_T4_S17	Kefir metagenomic reads	wk13- Water kefir grain	Kefir metagenome	PRJEB77409	not provided	Ireland
1326787	fermentation metagenome	TG_ID092_WG_T5_S82	Kefir metagenomic reads	wk17- Water kefir grain	Kefir metagenome	PRJEB77409	not provided	Ireland
1326787	fermentation metagenome	TG_ID092_WG_T6_S80	Kefir metagenomic reads	wk21- Water kefir grain	Kefir metagenome	PRJEB77409	not provided	Ireland
1326787	fermentation metagenome	TG_ID092_WL_T1_S318	Kefir metagenomic reads	wk01- Water kefir liquid	Kefir metagenome	PRJEB77409	not provided	Ireland
1326787	fermentation metagenome	TG_ID092_WL_T2_S172	Kefir metagenomic reads	wk05- Water kefir liquid	Kefir metagenome	PRJEB77409	not provided	Ireland
1326787	fermentation metagenome	TG_ID092_WL_T3_S70	Kefir metagenomic reads	wk09- Water kefir liquid	Kefir metagenome	PRJEB77409	not provided	Ireland
1326787	fermentation metagenome	TG_ID092_WL_T4_S23	Kefir metagenomic reads	wk13- Water kefir liquid	Kefir metagenome	PRJEB77409	not provided	Ireland
1326787	fermentation metagenome	TG_ID092_WL_T5_S94	Kefir metagenomic reads	wk17- Water kefir liquid	Kefir metagenome	PRJEB77409	not provided	Ireland
1326787	fermentation metagenome	TG_ID092_WL_T6_S21	Kefir metagenomic reads	wk21- Water kefir liquid	Kefir metagenome	PRJEB77409	not provided	Ireland
1326787	fermentation metagenome	TG_ID093_WG_T1_S163	Kefir metagenomic reads	wk01- Water kefir grain	Kefir metagenome	PRJEB77409	not provided	Ireland
1326787	fermentation metagenome	TG_ID093_WG_T2_S164	Kefir metagenomic reads	wk05- Water kefir grain	Kefir metagenome	PRJEB77409	not provided	Ireland
1326787	fermentation metagenome	TG_ID093_WG_T3_S65	Kefir metagenomic reads	wk09- Water kefir grain	Kefir metagenome	PRJEB77409	not provided	Ireland
1326787	fermentation metagenome	TG_ID093_WL_T1_S171	Kefir metagenomic reads	wk01- Water kefir liquid	Kefir metagenome	PRJEB77409	not provided	Ireland
1326787	fermentation metagenome	TG_ID093_WL_T2_S5	Kefir metagenomic reads	wk05- Water kefir liquid	Kefir metagenome	PRJEB77409	not provided	Ireland
1326787	fermentation metagenome	TG_ID093_WL_T3_S66	Kefir metagenomic reads	wk09- Water kefir liquid	Kefir metagenome	PRJEB77409	not provided	Ireland
1326787	fermentation metagenome	TG_ID096_WG_T1_S56	Kefir metagenomic reads	wk01- Water kefir grain	Kefir metagenome	PRJEB77409	not provided	Ireland
1326787	fermentation metagenome	TG_ID096_WL_T1_S117	Kefir metagenomic reads	wk01- Water kefir liquid	Kefir metagenome	PRJEB77409	not provided	Ireland
1326787	fermentation metagenome	TG_ID096_WL_T2_S46	Kefir metagenomic reads	wk05- Water kefir liquid	Kefir metagenome	PRJEB77409	not provided	Ireland
1326787	fermentation metagenome	TG_ID096_WL_T5_S92	Kefir metagenomic reads	wk17- Water kefir liquid	Kefir metagenome	PRJEB77409	not provided	Ireland
1326787	fermentation metagenome	TG_ID097_WG_T1_S129	Kefir metagenomic reads	wk01- Water kefir grain	Kefir metagenome	PRJEB77409	not provided	Ireland
1326787	fermentation metagenome	TG_ID097_WG_T2_S184	Kefir metagenomic reads	wk05- Water kefir grain	Kefir metagenome	PRJEB77409	not provided	Ireland
1326787	fermentation metagenome	TG_ID097_WG_T3_S165	Kefir metagenomic reads	wk09- Water kefir grain	Kefir metagenome	PRJEB77409	not provided	Ireland
1326787	fermentation metagenome	TG_ID097_WG_T4_S31	Kefir metagenomic reads	wk13- Water kefir grain	Kefir metagenome	PRJEB77409	not provided	Ireland
1326787	fermentation metagenome	TG_ID097_WG_T5_S68	Kefir metagenomic reads	wk17- Water kefir grain	Kefir metagenome	PRJEB77409	not provided	Ireland
1326787	fermentation metagenome	TG_ID097_WL_T1_S141	Kefir metagenomic reads	wk01- Water kefir liquid	Kefir metagenome	PRJEB77409	not provided	Ireland
1326787	fermentation metagenome	TG_ID097_WL_T2_S153	Kefir metagenomic reads	wk05- Water kefir liquid	Kefir metagenome	PRJEB77409	not provided	Ireland
1326787	fermentation metagenome	TG_ID097_WL_T3_S177	Kefir metagenomic reads	wk09- Water kefir liquid	Kefir metagenome	PRJEB77409	not provided	Ireland
1326787	fermentation metagenome	TG_ID097_WL_T4_S32	Kefir metagenomic reads	wk13- Water kefir liquid	Kefir metagenome	PRJEB77409	not provided	Ireland
1326787	fermentation metagenome	TG_ID097_WL_T5_S9	Kefir metagenomic reads	wk17- Water kefir liquid	Kefir metagenome	PRJEB77409	not provided	Ireland
1326787	fermentation metagenome	TG_ID103_WG_T1_S67	Kefir metagenomic reads	wk01- Water kefir grain	Kefir metagenome	PRJEB77409	not provided	Ireland
1326787	fermentation metagenome	TG_ID103_WG_T2_S134	Kefir metagenomic reads	wk05- Water kefir grain	Kefir metagenome	PRJEB77409	not provided	Ireland
1326787	fermentation metagenome	TG_ID103_WG_T3_S69	Kefir metagenomic reads	wk09- Water kefir grain	Kefir metagenome	PRJEB77409	not provided	Ireland
1326787	fermentation metagenome	TG_ID103_WG_T4_S79	Kefir metagenomic reads	wk13- Water kefir grain	Kefir metagenome	PRJEB77409	not provided	Ireland
1326787	fermentation metagenome	TG_ID103_WG_T5_S18	Kefir metagenomic reads	wk17- Water kefir grain	Kefir metagenome	PRJEB77409	not provided	Ireland
1326787	fermentation metagenome	TG_ID103_WL_T1_S68	Kefir metagenomic reads	wk01- Water kefir liquid	Kefir metagenome	PRJEB77409	not provided	Ireland
1326787	fermentation metagenome	TG_ID103_WL_T2_S85	Kefir metagenomic reads	wk05- Water kefir liquid	Kefir metagenome	PRJEB77409	not provided	Ireland
1326787	fermentation metagenome	TG_ID103_WL_T3_S70	Kefir metagenomic reads	wk09- Water kefir liquid	Kefir metagenome	PRJEB77409	not provided	Ireland
1326787	fermentation metagenome	TG_ID103_WL_T4_S158	Kefir metagenomic reads	wk13- Water kefir liquid	Kefir metagenome	PRJEB77409	not provided	Ireland
1326787	fermentation metagenome	TG_ID103_WL_T5_S24	Kefir metagenomic reads	wk17- Water kefir liquid	Kefir metagenome	PRJEB77409	not provided	Ireland
1326787	fermentation metagenome	TG_ID107_WG_T1_S135	Kefir metagenomic reads	wk01- Water kefir grain	Kefir metagenome	PRJEB77409	not provided	Ireland
1326787	fermentation metagenome	TG_ID107_WG_T2_S136	Kefir metagenomic reads	wk05- Water kefir grain	Kefir metagenome	PRJEB77409	not provided	Ireland
1326787	fermentation metagenome	TG_ID107_WG_T3_S137	Kefir metagenomic reads	wk09- Water kefir grain	Kefir metagenome	PRJEB77409	not provided	Ireland
1326787	fermentation metagenome	TG_ID107_WG_T4_S106	Kefir metagenomic reads	wk13- Water kefir grain	Kefir metagenome	PRJEB77409	not provided	Ireland
1326787	fermentation metagenome	TG_ID107_WG_T5_S107	Kefir metagenomic reads	wk17- Water kefir grain	Kefir metagenome	PRJEB77409	not provided	Ireland
1326787	fermentation metagenome	TG_ID107_WG_T6_S108	Kefir metagenomic reads	wk21- Water kefir grain	Kefir metagenome	PRJEB77409	not provided	Ireland
1326787	fermentation metagenome	TG_ID107_WL_T1_S86	Kefir metagenomic reads	wk01- Water kefir liquid	Kefir metagenome	PRJEB77409	not provided	Ireland
1326787	fermentation metagenome	TG_ID107_WL_T2_S87	Kefir metagenomic reads	wk05- Water kefir liquid	Kefir metagenome	PRJEB77409	not provided	Ireland
1326787	fermentation metagenome	TG_ID107_WL_T3_S88	Kefir metagenomic reads	wk09- Water kefir liquid	Kefir metagenome	PRJEB77409	not provided	Ireland
1326787	fermentation metagenome	TG_ID107_WL_T4_S110	Kefir metagenomic reads	wk13- Water kefir liquid	Kefir metagenome	PRJEB77409	not provided	Ireland
1326787	fermentation metagenome	TG_ID107_WL_T5_S111	Kefir metagenomic reads	wk17- Water kefir liquid	Kefir metagenome	PRJEB77409	not provided	Ireland
1326787	fermentation metagenome	TG_ID107_WL_T6_S112	Kefir metagenomic reads	wk21- Water kefir liquid	Kefir metagenome	PRJEB77409	not provided	Ireland
1326787	fermentation metagenome	TG_ID110_WG_T1_S166	Kefir metagenomic reads	wk01- Water kefir grain	Kefir metagenome	PRJEB77409	not provided	Ireland
1326787	fermentation metagenome	TG_ID110_WG_T2_S167	Kefir metagenomic reads	wk05- Water kefir grain	Kefir metagenome	PRJEB77409	not provided	Ireland
1326787	fermentation metagenome	TG_ID110_WG_T3_S20	Kefir metagenomic reads	wk09- Water kefir grain	Kefir metagenome	PRJEB77409	not provided	Ireland
1326787	fermentation metagenome	TG_ID110_WG_T4_S21	Kefir metagenomic reads	wk13- Water kefir grain	Kefir metagenome	PRJEB77409	not provided	Ireland
1326787	fermentation metagenome	TG_ID110_WG_T5_S22	Kefir metagenomic reads	wk17- Water kefir grain	Kefir metagenome	PRJEB77409	not provided	Ireland
1326787	fermentation metagenome	TG_ID110_WG_T6_S92	Kefir metagenomic reads	wk21- Water kefir grain	Kefir metagenome	PRJEB77409	not provided	Ireland
1326787	fermentation metagenome	TG_ID110_WL_T1_S173	Kefir metagenomic reads	wk01- Water kefir liquid	Kefir metagenome	PRJEB77409	not provided	Ireland
1326787	fermentation metagenome	TG_ID110_WL_T2_S177	Kefir metagenomic reads	wk05- Water kefir liquid	Kefir metagenome	PRJEB77409	not provided	Ireland
1326787	fermentation metagenome	TG_ID110_WL_T3_S26	Kefir metagenomic reads	wk09- Water kefir liquid	Kefir metagenome	PRJEB77409	not provided	Ireland
1326787	fermentation metagenome	TG_ID110_WL_T4_S27	Kefir metagenomic reads	wk13- Water kefir liquid	Kefir metagenome	PRJEB77409	not provided	Ireland
1326787	fermentation metagenome	TG_ID110_WL_T5_S28	Kefir metagenomic reads	wk17- Water kefir liquid	Kefir metagenome	PRJEB77409	not provided	Ireland
1326787	fermentation metagenome	TG_ID110_WL_T6_S117	Kefir metagenomic reads	wk21- Water kefir liquid	Kefir metagenome	PRJEB77409	not provided	Ireland
1326787	fermentation metagenome	TG_ID113_WG_T1_S60	Kefir metagenomic reads	wk01- Water kefir grain	Kefir metagenome	PRJEB77409	not provided	Ireland
1326787	fermentation metagenome	TG_ID113_WG_T3_S71	Kefir metagenomic reads	wk09- Water kefir grain	Kefir metagenome	PRJEB77409	not provided	Ireland
1326787	fermentation metagenome	TG_ID113_WG_T4_S99	Kefir metagenomic reads	wk13- Water kefir grain	Kefir metagenome	PRJEB77409	not provided	Ireland
1326787	fermentation metagenome	TG_ID113_WG_T5_S19	Kefir metagenomic reads	wk17- Water kefir grain	Kefir metagenome	PRJEB77409	not provided	Ireland
1326787	fermentation metagenome	TG_ID113_WG_T6_S100	Kefir metagenomic reads	wk21- Water kefir grain	Kefir metagenome	PRJEB77409	not provided	Ireland
1326787	fermentation metagenome	TG_ID113_WL_T3_S73	Kefir metagenomic reads	wk09- Water kefir liquid	Kefir metagenome	PRJEB77409	not provided	Ireland
1326787	fermentation metagenome	TG_ID113_WL_T5_S25	Kefir metagenomic reads	wk17- Water kefir liquid	Kefir metagenome	PRJEB77409	not provided	Ireland
1326787	fermentation metagenome	TG_ID113_WL_T6_S118	Kefir metagenomic reads	wk21- Water kefir liquid	Kefir metagenome	PRJEB77409	not provided	Ireland
1326787	fermentation metagenome	TG_ID115_MG_T1_S93	Kefir metagenomic reads	wk01- Milk kefir grain	Kefir metagenome	PRJEB77409	not provided	Ireland
1326787	fermentation metagenome	TG_ID115_MG_T2_S94	Kefir metagenomic reads	wk05- Milk kefir grain	Kefir metagenome	PRJEB77409	not provided	Ireland
1326787	fermentation metagenome	TG_ID115_MG_T3_S95	Kefir metagenomic reads	wk09- Milk kefir grain	Kefir metagenome	PRJEB77409	not provided	Ireland
1326787	fermentation metagenome	TG_ID115_MG_T4_S96	Kefir metagenomic reads	wk13- Milk kefir grain	Kefir metagenome	PRJEB77409	not provided	Ireland
1326787	fermentation metagenome	TG_ID115_MG_T6_S98	Kefir metagenomic reads	wk21- Milk kefir grain	Kefir metagenome	PRJEB77409	not provided	Ireland
1326787	fermentation metagenome	TG_ID115_ML_T1_S122	Kefir metagenomic reads	wk01- Milk kefir liquid	Kefir metagenome	PRJEB77409	not provided	Ireland
1326787	fermentation metagenome	TG_ID115_ML_T2_S123	Kefir metagenomic reads	wk05- Milk kefir liquid	Kefir metagenome	PRJEB77409	not provided	Ireland
1326787	fermentation metagenome	TG_ID115_ML_T3_S124	Kefir metagenomic reads	wk09- Milk kefir liquid	Kefir metagenome	PRJEB77409	not provided	Ireland
1326787	fermentation metagenome	TG_ID115_ML_T4_S125	Kefir metagenomic reads	wk13- Milk kefir liquid	Kefir metagenome	PRJEB77409	not provided	Ireland
1326787	fermentation metagenome	TG_ID115_ML_T5_S126	Kefir metagenomic reads	wk17- Milk kefir liquid	Kefir metagenome	PRJEB77409	not provided	Ireland
1326787	fermentation metagenome	TG_ID115_ML_T6_S127	Kefir metagenomic reads	wk21- Milk kefir liquid	Kefir metagenome	PRJEB77409	not provided	Ireland
1326787	fermentation metagenome	TG_ID124_MG_T2_S7	Kefir metagenomic reads	wk05- Milk kefir grain	Kefir metagenome	PRJEB77409	not provided	Ireland
1326787	fermentation metagenome	TG_ID124_MG_T5_S138	Kefir metagenomic reads	wk17- Milk kefir grain	Kefir metagenome	PRJEB77409	not provided	Ireland
1326787	fermentation metagenome	TG_ID124_MG_T6_S101	Kefir metagenomic reads	wk21- Milk kefir grain	Kefir metagenome	PRJEB77409	not provided	Ireland
1326787	fermentation metagenome	TG_ID124_ML_T1_S8	Kefir metagenomic reads	wk01- Milk kefir liquid	Kefir metagenome	PRJEB77409	not provided	Ireland
1326787	fermentation metagenome	TG_ID124_ML_T2_S159	Kefir metagenomic reads	wk05- Milk kefir liquid	Kefir metagenome	PRJEB77409	not provided	Ireland
1326787	fermentation metagenome	TG_ID124_ML_T3_S160	Kefir metagenomic reads	wk09- Milk kefir liquid	Kefir metagenome	PRJEB77409	not provided	Ireland
1326787	fermentation metagenome	TG_ID124_ML_T5_S161	Kefir metagenomic reads	wk17- Milk kefir liquid	Kefir metagenome	PRJEB77409	not provided	Ireland
1326787	fermentation metagenome	TG_ID124_ML_T6_S119	Kefir metagenomic reads	wk21- Milk kefir liquid	Kefir metagenome	PRJEB77409	not provided	Ireland
1326787	fermentation metagenome	TG_ID125_MG_T1_S178	Kefir metagenomic reads	wk01- Milk kefir grain	Kefir metagenome	PRJEB77409	not provided	Ireland
1326787	fermentation metagenome	TG_ID125_MG_T4_S11	Kefir metagenomic reads	wk13- Milk kefir grain	Kefir metagenome	PRJEB77409	not provided	Ireland
1326787	fermentation metagenome	TG_ID125_MG_T5_S102	Kefir metagenomic reads	wk17- Milk kefir grain	Kefir metagenome	PRJEB77409	not provided	Ireland
1326787	fermentation metagenome	TG_ID125_MG_T6_S103	Kefir metagenomic reads	wk21- Milk kefir grain	Kefir metagenome	PRJEB77409	not provided	Ireland
1326787	fermentation metagenome	TG_ID125_ML_T1_S162	Kefir metagenomic reads	wk01- Milk kefir liquid	Kefir metagenome	PRJEB77409	not provided	Ireland
1326787	fermentation metagenome	TG_ID125_ML_T4_S12	Kefir metagenomic reads	wk13- Milk kefir liquid	Kefir metagenome	PRJEB77409	not provided	Ireland
1326787	fermentation metagenome	TG_ID125_ML_T5_S120	Kefir metagenomic reads	wk17- Milk kefir liquid	Kefir metagenome	PRJEB77409	not provided	Ireland
1326787	fermentation metagenome	TG_LO_MLC_S119	Kefir metagenomic reads	T0- Liquid control	Kefir metagenome	PRJEB77409	not provided	Ireland
1326787	fermentation metagenome	TG_LO_MLC_S167	Kefir metagenomic reads	T0- Liquid control	Kefir metagenome	PRJEB77409	not provided	Ireland
1326787	fermentation metagenome	TG_LO_MLC2_ML_0AE_S313	Kefir metagenomic reads	T0- Liquid control	Kefir metagenome	PRJEB77409	not provided	Ireland
1326787	fermentation metagenome	TG_LO_MLC2_S167	Kefir metagenomic reads	T0- Liquid control	Kefir metagenome	PRJEB77409	not provided	Ireland
1326787	fermentation metagenome	TG_LO_T1_ML_0AE_S1	Kefir metagenomic reads	T0- Milk kefir liquid	Kefir metagenome	PRJEB77409	not provided	Ireland
1326787	fermentation metagenome	TG_LO_T1_ML_0AN_S49	Kefir metagenomic reads	T0- Milk kefir liquid	Kefir metagenome	PRJEB77409	not provided	Ireland
1326787	fermentation metagenome	TG_LO_T1_S167	Kefir metagenomic reads	T0- Milk kefir liquid	Kefir metagenome	PRJEB77409	not provided	Ireland
1326787	fermentation metagenome	TG_LO_T2_ML_0AE_S313	Kefir metagenomic reads	T0- Milk kefir liquid	Kefir metagenome	PRJEB77409	not provided	Ireland
1326787	fermentation metagenome	TG_LO_WLC_S119	Kefir metagenomic reads	T0- Liquid control	Kefir metagenome	PRJEB77409	not provided	Ireland
1326787	fermentation metagenome	TG_LO_WLC2_S167	Kefir metagenomic reads	T0- Liquid control	Kefir metagenome	PRJEB77409	not provided	Ireland
1326787	fermentation metagenome	TG_SK_MLC_S131	Kefir metagenomic reads	T0- Liquid control	Kefir metagenome	PRJEB77409	not provided	Ireland
1326787	fermentation metagenome	TG_SK_MLC2_S191	Kefir metagenomic reads	T0- Liquid control	Kefir metagenome	PRJEB77409	not provided	Ireland
1326787	fermentation metagenome	TG_SK_T1_ML_0AE_S13	Kefir metagenomic reads	T0- Milk kefir liquid	Kefir metagenome	PRJEB77409	not provided	Ireland
1326787	fermentation metagenome	TG_SK_T1_ML_0AN_S61	Kefir metagenomic reads	T0- Milk kefir liquid	Kefir metagenome	PRJEB77409	not provided	Ireland
1326787	fermentation metagenome	TG_SK_T2_ML_0AE_S73	Kefir metagenomic reads	T0- Milk kefir liquid	Kefir metagenome	PRJEB77409	not provided	Ireland
1326787	fermentation metagenome	TG_SK_T2_ML_0AN_S2	Kefir metagenomic reads	T0- Milk kefir liquid	Kefir metagenome	PRJEB77409	not provided	Ireland
1326787	fermentation metagenome	TG_SK_WLC_S131	Kefir metagenomic reads	T0- Liquid control	Kefir metagenome	PRJEB77409	not provided	Ireland
